[
  {
    "Id": "660971",
    "Title": "Client Server",
    "LatestDate": "2017-06-07T18:07:50.95-07:00"
  },
  {
    "Id": "661408",
    "Title": "Amount of noise, without having access to the secret key",
    "LatestDate": "2017-02-16T12:21:22.537-08:00"
  },
  {
    "Id": "662654",
    "Title": "running SEAL examples",
    "LatestDate": "2017-06-12T12:11:27.537-07:00"
  },
  {
    "Id": "663342",
    "Title": "Visualize Ciphertext after encoded and encrypted",
    "LatestDate": "2017-06-30T07:55:06.55-07:00"
  },
  {
    "Id": "663686",
    "Title": "Building SEAL on linux",
    "LatestDate": "2017-11-16T00:13:02.537-08:00"
  },
  {
    "Id": "663742",
    "Title": "Creating a class to handle homomorphic operations",
    "LatestDate": "2017-09-15T21:44:24.453-07:00"
  },
  {
    "Id": "663916",
    "Title": "Choosing Plaintext space ",
    "LatestDate": "2017-10-24T03:45:41.9-07:00"
  },
  {
    "Id": "663975",
    "Title": "Cumulative sum and parameters",
    "LatestDate": "2017-11-17T21:58:26.943-08:00"
  }
]