accordion/image_0001.jpg	1
accordion/image_0002.jpg	1
accordion/image_0003.jpg	1
accordion/image_0004.jpg	1
accordion/image_0005.jpg	1
accordion/image_0006.jpg	1
accordion/image_0007.jpg	1
accordion/image_0008.jpg	1
accordion/image_0009.jpg	1
accordion/image_0010.jpg	1
accordion/image_0011.jpg	1
accordion/image_0012.jpg	1
accordion/image_0013.jpg	1
accordion/image_0014.jpg	1
accordion/image_0015.jpg	1
accordion/image_0016.jpg	1
accordion/image_0017.jpg	1
accordion/image_0018.jpg	1
accordion/image_0019.jpg	1
accordion/image_0020.jpg	1
airplanes/image_0001.jpg	2
airplanes/image_0002.jpg	2
airplanes/image_0003.jpg	2
airplanes/image_0004.jpg	2
airplanes/image_0005.jpg	2
airplanes/image_0006.jpg	2
airplanes/image_0007.jpg	2
airplanes/image_0008.jpg	2
airplanes/image_0009.jpg	2
airplanes/image_0010.jpg	2
airplanes/image_0011.jpg	2
airplanes/image_0012.jpg	2
airplanes/image_0013.jpg	2
airplanes/image_0014.jpg	2
airplanes/image_0015.jpg	2
airplanes/image_0016.jpg	2
airplanes/image_0017.jpg	2
airplanes/image_0018.jpg	2
airplanes/image_0019.jpg	2
airplanes/image_0020.jpg	2
anchor/image_0001.jpg	3
anchor/image_0002.jpg	3
anchor/image_0003.jpg	3
anchor/image_0004.jpg	3
anchor/image_0005.jpg	3
anchor/image_0006.jpg	3
anchor/image_0007.jpg	3
anchor/image_0008.jpg	3
anchor/image_0009.jpg	3
anchor/image_0010.jpg	3
anchor/image_0011.jpg	3
anchor/image_0012.jpg	3
anchor/image_0013.jpg	3
anchor/image_0014.jpg	3
anchor/image_0015.jpg	3
anchor/image_0016.jpg	3
anchor/image_0017.jpg	3
anchor/image_0018.jpg	3
anchor/image_0019.jpg	3
anchor/image_0020.jpg	3
ant/image_0001.jpg	4
ant/image_0002.jpg	4
ant/image_0003.jpg	4
ant/image_0004.jpg	4
ant/image_0005.jpg	4
ant/image_0006.jpg	4
ant/image_0007.jpg	4
ant/image_0008.jpg	4
ant/image_0009.jpg	4
ant/image_0010.jpg	4
ant/image_0011.jpg	4
ant/image_0012.jpg	4
ant/image_0013.jpg	4
ant/image_0014.jpg	4
ant/image_0015.jpg	4
ant/image_0016.jpg	4
ant/image_0017.jpg	4
ant/image_0018.jpg	4
ant/image_0019.jpg	4
ant/image_0020.jpg	4
barrel/image_0001.jpg	5
barrel/image_0002.jpg	5
barrel/image_0003.jpg	5
barrel/image_0004.jpg	5
barrel/image_0005.jpg	5
barrel/image_0006.jpg	5
barrel/image_0007.jpg	5
barrel/image_0008.jpg	5
barrel/image_0009.jpg	5
barrel/image_0010.jpg	5
barrel/image_0011.jpg	5
barrel/image_0012.jpg	5
barrel/image_0013.jpg	5
barrel/image_0014.jpg	5
barrel/image_0015.jpg	5
barrel/image_0016.jpg	5
barrel/image_0017.jpg	5
barrel/image_0018.jpg	5
barrel/image_0019.jpg	5
barrel/image_0020.jpg	5
bass/image_0001.jpg	6
bass/image_0002.jpg	6
bass/image_0003.jpg	6
bass/image_0004.jpg	6
bass/image_0005.jpg	6
bass/image_0006.jpg	6
bass/image_0007.jpg	6
bass/image_0008.jpg	6
bass/image_0009.jpg	6
bass/image_0010.jpg	6
bass/image_0011.jpg	6
bass/image_0012.jpg	6
bass/image_0013.jpg	6
bass/image_0014.jpg	6
bass/image_0015.jpg	6
bass/image_0016.jpg	6
bass/image_0017.jpg	6
bass/image_0018.jpg	6
bass/image_0019.jpg	6
bass/image_0020.jpg	6
beaver/image_0001.jpg	7
beaver/image_0002.jpg	7
beaver/image_0003.jpg	7
beaver/image_0004.jpg	7
beaver/image_0005.jpg	7
beaver/image_0006.jpg	7
beaver/image_0007.jpg	7
beaver/image_0008.jpg	7
beaver/image_0009.jpg	7
beaver/image_0010.jpg	7
beaver/image_0011.jpg	7
beaver/image_0012.jpg	7
beaver/image_0013.jpg	7
beaver/image_0014.jpg	7
beaver/image_0015.jpg	7
beaver/image_0016.jpg	7
beaver/image_0017.jpg	7
beaver/image_0018.jpg	7
beaver/image_0019.jpg	7
beaver/image_0020.jpg	7
binocular/image_0001.jpg	8
binocular/image_0002.jpg	8
binocular/image_0003.jpg	8
binocular/image_0004.jpg	8
binocular/image_0005.jpg	8
binocular/image_0006.jpg	8
binocular/image_0007.jpg	8
binocular/image_0008.jpg	8
binocular/image_0009.jpg	8
binocular/image_0010.jpg	8
binocular/image_0011.jpg	8
binocular/image_0012.jpg	8
binocular/image_0013.jpg	8
binocular/image_0014.jpg	8
binocular/image_0015.jpg	8
binocular/image_0016.jpg	8
binocular/image_0017.jpg	8
binocular/image_0018.jpg	8
binocular/image_0019.jpg	8
binocular/image_0020.jpg	8
bonsai/image_0001.jpg	9
bonsai/image_0002.jpg	9
bonsai/image_0003.jpg	9
bonsai/image_0004.jpg	9
bonsai/image_0005.jpg	9
bonsai/image_0006.jpg	9
bonsai/image_0007.jpg	9
bonsai/image_0008.jpg	9
bonsai/image_0009.jpg	9
bonsai/image_0010.jpg	9
bonsai/image_0011.jpg	9
bonsai/image_0012.jpg	9
bonsai/image_0013.jpg	9
bonsai/image_0014.jpg	9
bonsai/image_0015.jpg	9
bonsai/image_0016.jpg	9
bonsai/image_0017.jpg	9
bonsai/image_0018.jpg	9
bonsai/image_0019.jpg	9
bonsai/image_0020.jpg	9
brain/image_0001.jpg	10
brain/image_0002.jpg	10
brain/image_0003.jpg	10
brain/image_0004.jpg	10
brain/image_0005.jpg	10
brain/image_0006.jpg	10
brain/image_0007.jpg	10
brain/image_0008.jpg	10
brain/image_0009.jpg	10
brain/image_0010.jpg	10
brain/image_0011.jpg	10
brain/image_0012.jpg	10
brain/image_0013.jpg	10
brain/image_0014.jpg	10
brain/image_0015.jpg	10
brain/image_0016.jpg	10
brain/image_0017.jpg	10
brain/image_0018.jpg	10
brain/image_0019.jpg	10
brain/image_0020.jpg	10
brontosaurus/image_0001.jpg	11
brontosaurus/image_0002.jpg	11
brontosaurus/image_0003.jpg	11
brontosaurus/image_0004.jpg	11
brontosaurus/image_0005.jpg	11
brontosaurus/image_0006.jpg	11
brontosaurus/image_0007.jpg	11
brontosaurus/image_0008.jpg	11
brontosaurus/image_0009.jpg	11
brontosaurus/image_0010.jpg	11
brontosaurus/image_0011.jpg	11
brontosaurus/image_0012.jpg	11
brontosaurus/image_0013.jpg	11
brontosaurus/image_0014.jpg	11
brontosaurus/image_0015.jpg	11
brontosaurus/image_0016.jpg	11
brontosaurus/image_0017.jpg	11
brontosaurus/image_0018.jpg	11
brontosaurus/image_0019.jpg	11
brontosaurus/image_0020.jpg	11
buddha/image_0001.jpg	12
buddha/image_0002.jpg	12
buddha/image_0003.jpg	12
buddha/image_0004.jpg	12
buddha/image_0005.jpg	12
buddha/image_0006.jpg	12
buddha/image_0007.jpg	12
buddha/image_0008.jpg	12
buddha/image_0009.jpg	12
buddha/image_0010.jpg	12
buddha/image_0011.jpg	12
buddha/image_0012.jpg	12
buddha/image_0013.jpg	12
buddha/image_0014.jpg	12
buddha/image_0015.jpg	12
buddha/image_0016.jpg	12
buddha/image_0017.jpg	12
buddha/image_0018.jpg	12
buddha/image_0019.jpg	12
buddha/image_0020.jpg	12
butterfly/image_0001.jpg	13
butterfly/image_0002.jpg	13
butterfly/image_0003.jpg	13
butterfly/image_0004.jpg	13
butterfly/image_0005.jpg	13
butterfly/image_0006.jpg	13
butterfly/image_0007.jpg	13
butterfly/image_0008.jpg	13
butterfly/image_0009.jpg	13
butterfly/image_0010.jpg	13
butterfly/image_0011.jpg	13
butterfly/image_0012.jpg	13
butterfly/image_0013.jpg	13
butterfly/image_0014.jpg	13
butterfly/image_0015.jpg	13
butterfly/image_0016.jpg	13
butterfly/image_0017.jpg	13
butterfly/image_0018.jpg	13
butterfly/image_0019.jpg	13
butterfly/image_0020.jpg	13
camera/image_0001.jpg	14
camera/image_0002.jpg	14
camera/image_0003.jpg	14
camera/image_0004.jpg	14
camera/image_0005.jpg	14
camera/image_0006.jpg	14
camera/image_0007.jpg	14
camera/image_0008.jpg	14
camera/image_0009.jpg	14
camera/image_0010.jpg	14
camera/image_0011.jpg	14
camera/image_0012.jpg	14
camera/image_0013.jpg	14
camera/image_0014.jpg	14
camera/image_0015.jpg	14
camera/image_0016.jpg	14
camera/image_0017.jpg	14
camera/image_0018.jpg	14
camera/image_0019.jpg	14
camera/image_0020.jpg	14
cannon/image_0001.jpg	15
cannon/image_0002.jpg	15
cannon/image_0003.jpg	15
cannon/image_0004.jpg	15
cannon/image_0005.jpg	15
cannon/image_0006.jpg	15
cannon/image_0007.jpg	15
cannon/image_0008.jpg	15
cannon/image_0009.jpg	15
cannon/image_0010.jpg	15
cannon/image_0011.jpg	15
cannon/image_0012.jpg	15
cannon/image_0013.jpg	15
cannon/image_0014.jpg	15
cannon/image_0015.jpg	15
cannon/image_0016.jpg	15
cannon/image_0017.jpg	15
cannon/image_0018.jpg	15
cannon/image_0019.jpg	15
cannon/image_0020.jpg	15
car_side/image_0001.jpg	16
car_side/image_0002.jpg	16
car_side/image_0003.jpg	16
car_side/image_0004.jpg	16
car_side/image_0005.jpg	16
car_side/image_0006.jpg	16
car_side/image_0007.jpg	16
car_side/image_0008.jpg	16
car_side/image_0009.jpg	16
car_side/image_0010.jpg	16
car_side/image_0011.jpg	16
car_side/image_0012.jpg	16
car_side/image_0013.jpg	16
car_side/image_0014.jpg	16
car_side/image_0015.jpg	16
car_side/image_0016.jpg	16
car_side/image_0017.jpg	16
car_side/image_0018.jpg	16
car_side/image_0019.jpg	16
car_side/image_0020.jpg	16
ceiling_fan/image_0001.jpg	17
ceiling_fan/image_0002.jpg	17
ceiling_fan/image_0003.jpg	17
ceiling_fan/image_0004.jpg	17
ceiling_fan/image_0005.jpg	17
ceiling_fan/image_0006.jpg	17
ceiling_fan/image_0007.jpg	17
ceiling_fan/image_0008.jpg	17
ceiling_fan/image_0009.jpg	17
ceiling_fan/image_0010.jpg	17
ceiling_fan/image_0011.jpg	17
ceiling_fan/image_0012.jpg	17
ceiling_fan/image_0013.jpg	17
ceiling_fan/image_0014.jpg	17
ceiling_fan/image_0015.jpg	17
ceiling_fan/image_0016.jpg	17
ceiling_fan/image_0017.jpg	17
ceiling_fan/image_0018.jpg	17
ceiling_fan/image_0019.jpg	17
ceiling_fan/image_0020.jpg	17
cellphone/image_0001.jpg	18
cellphone/image_0002.jpg	18
cellphone/image_0003.jpg	18
cellphone/image_0004.jpg	18
cellphone/image_0005.jpg	18
cellphone/image_0006.jpg	18
cellphone/image_0007.jpg	18
cellphone/image_0008.jpg	18
cellphone/image_0009.jpg	18
cellphone/image_0010.jpg	18
cellphone/image_0011.jpg	18
cellphone/image_0012.jpg	18
cellphone/image_0013.jpg	18
cellphone/image_0014.jpg	18
cellphone/image_0015.jpg	18
cellphone/image_0016.jpg	18
cellphone/image_0017.jpg	18
cellphone/image_0018.jpg	18
cellphone/image_0019.jpg	18
cellphone/image_0020.jpg	18
chair/image_0001.jpg	19
chair/image_0002.jpg	19
chair/image_0003.jpg	19
chair/image_0004.jpg	19
chair/image_0005.jpg	19
chair/image_0006.jpg	19
chair/image_0007.jpg	19
chair/image_0008.jpg	19
chair/image_0009.jpg	19
chair/image_0010.jpg	19
chair/image_0011.jpg	19
chair/image_0012.jpg	19
chair/image_0013.jpg	19
chair/image_0014.jpg	19
chair/image_0015.jpg	19
chair/image_0016.jpg	19
chair/image_0017.jpg	19
chair/image_0018.jpg	19
chair/image_0019.jpg	19
chair/image_0020.jpg	19
chandelier/image_0001.jpg	20
chandelier/image_0002.jpg	20
chandelier/image_0003.jpg	20
chandelier/image_0004.jpg	20
chandelier/image_0005.jpg	20
chandelier/image_0006.jpg	20
chandelier/image_0007.jpg	20
chandelier/image_0008.jpg	20
chandelier/image_0009.jpg	20
chandelier/image_0010.jpg	20
chandelier/image_0011.jpg	20
chandelier/image_0012.jpg	20
chandelier/image_0013.jpg	20
chandelier/image_0014.jpg	20
chandelier/image_0015.jpg	20
chandelier/image_0016.jpg	20
chandelier/image_0017.jpg	20
chandelier/image_0018.jpg	20
chandelier/image_0019.jpg	20
chandelier/image_0020.jpg	20
cougar_body/image_0001.jpg	21
cougar_body/image_0002.jpg	21
cougar_body/image_0003.jpg	21
cougar_body/image_0004.jpg	21
cougar_body/image_0005.jpg	21
cougar_body/image_0006.jpg	21
cougar_body/image_0007.jpg	21
cougar_body/image_0008.jpg	21
cougar_body/image_0009.jpg	21
cougar_body/image_0010.jpg	21
cougar_body/image_0011.jpg	21
cougar_body/image_0012.jpg	21
cougar_body/image_0013.jpg	21
cougar_body/image_0014.jpg	21
cougar_body/image_0015.jpg	21
cougar_body/image_0016.jpg	21
cougar_body/image_0017.jpg	21
cougar_body/image_0018.jpg	21
cougar_body/image_0019.jpg	21
cougar_body/image_0020.jpg	21
cougar_face/image_0001.jpg	22
cougar_face/image_0002.jpg	22
cougar_face/image_0003.jpg	22
cougar_face/image_0004.jpg	22
cougar_face/image_0005.jpg	22
cougar_face/image_0006.jpg	22
cougar_face/image_0007.jpg	22
cougar_face/image_0008.jpg	22
cougar_face/image_0009.jpg	22
cougar_face/image_0010.jpg	22
cougar_face/image_0011.jpg	22
cougar_face/image_0012.jpg	22
cougar_face/image_0013.jpg	22
cougar_face/image_0014.jpg	22
cougar_face/image_0015.jpg	22
cougar_face/image_0016.jpg	22
cougar_face/image_0017.jpg	22
cougar_face/image_0018.jpg	22
cougar_face/image_0019.jpg	22
cougar_face/image_0020.jpg	22
crab/image_0001.jpg	23
crab/image_0002.jpg	23
crab/image_0003.jpg	23
crab/image_0004.jpg	23
crab/image_0005.jpg	23
crab/image_0006.jpg	23
crab/image_0007.jpg	23
crab/image_0008.jpg	23
crab/image_0009.jpg	23
crab/image_0010.jpg	23
crab/image_0011.jpg	23
crab/image_0012.jpg	23
crab/image_0013.jpg	23
crab/image_0014.jpg	23
crab/image_0015.jpg	23
crab/image_0016.jpg	23
crab/image_0017.jpg	23
crab/image_0018.jpg	23
crab/image_0019.jpg	23
crab/image_0020.jpg	23
crayfish/image_0001.jpg	24
crayfish/image_0002.jpg	24
crayfish/image_0003.jpg	24
crayfish/image_0004.jpg	24
crayfish/image_0005.jpg	24
crayfish/image_0006.jpg	24
crayfish/image_0007.jpg	24
crayfish/image_0008.jpg	24
crayfish/image_0009.jpg	24
crayfish/image_0010.jpg	24
crayfish/image_0011.jpg	24
crayfish/image_0012.jpg	24
crayfish/image_0013.jpg	24
crayfish/image_0014.jpg	24
crayfish/image_0015.jpg	24
crayfish/image_0016.jpg	24
crayfish/image_0017.jpg	24
crayfish/image_0018.jpg	24
crayfish/image_0019.jpg	24
crayfish/image_0020.jpg	24
crocodile/image_0001.jpg	25
crocodile/image_0002.jpg	25
crocodile/image_0003.jpg	25
crocodile/image_0004.jpg	25
crocodile/image_0005.jpg	25
crocodile/image_0006.jpg	25
crocodile/image_0007.jpg	25
crocodile/image_0008.jpg	25
crocodile/image_0009.jpg	25
crocodile/image_0010.jpg	25
crocodile/image_0011.jpg	25
crocodile/image_0012.jpg	25
crocodile/image_0013.jpg	25
crocodile/image_0014.jpg	25
crocodile/image_0015.jpg	25
crocodile/image_0016.jpg	25
crocodile/image_0017.jpg	25
crocodile/image_0018.jpg	25
crocodile/image_0019.jpg	25
crocodile/image_0020.jpg	25
crocodile_head/image_0001.jpg	26
crocodile_head/image_0002.jpg	26
crocodile_head/image_0003.jpg	26
crocodile_head/image_0004.jpg	26
crocodile_head/image_0005.jpg	26
crocodile_head/image_0006.jpg	26
crocodile_head/image_0007.jpg	26
crocodile_head/image_0008.jpg	26
crocodile_head/image_0009.jpg	26
crocodile_head/image_0010.jpg	26
crocodile_head/image_0011.jpg	26
crocodile_head/image_0012.jpg	26
crocodile_head/image_0013.jpg	26
crocodile_head/image_0014.jpg	26
crocodile_head/image_0015.jpg	26
crocodile_head/image_0016.jpg	26
crocodile_head/image_0017.jpg	26
crocodile_head/image_0018.jpg	26
crocodile_head/image_0019.jpg	26
crocodile_head/image_0020.jpg	26
cup/image_0001.jpg	27
cup/image_0002.jpg	27
cup/image_0003.jpg	27
cup/image_0004.jpg	27
cup/image_0005.jpg	27
cup/image_0006.jpg	27
cup/image_0007.jpg	27
cup/image_0008.jpg	27
cup/image_0009.jpg	27
cup/image_0010.jpg	27
cup/image_0011.jpg	27
cup/image_0012.jpg	27
cup/image_0013.jpg	27
cup/image_0014.jpg	27
cup/image_0015.jpg	27
cup/image_0016.jpg	27
cup/image_0017.jpg	27
cup/image_0018.jpg	27
cup/image_0019.jpg	27
cup/image_0020.jpg	27
dalmatian/image_0001.jpg	28
dalmatian/image_0002.jpg	28
dalmatian/image_0003.jpg	28
dalmatian/image_0004.jpg	28
dalmatian/image_0005.jpg	28
dalmatian/image_0006.jpg	28
dalmatian/image_0007.jpg	28
dalmatian/image_0008.jpg	28
dalmatian/image_0009.jpg	28
dalmatian/image_0010.jpg	28
dalmatian/image_0011.jpg	28
dalmatian/image_0012.jpg	28
dalmatian/image_0013.jpg	28
dalmatian/image_0014.jpg	28
dalmatian/image_0015.jpg	28
dalmatian/image_0016.jpg	28
dalmatian/image_0017.jpg	28
dalmatian/image_0018.jpg	28
dalmatian/image_0019.jpg	28
dalmatian/image_0020.jpg	28
dollar_bill/image_0001.jpg	29
dollar_bill/image_0002.jpg	29
dollar_bill/image_0003.jpg	29
dollar_bill/image_0004.jpg	29
dollar_bill/image_0005.jpg	29
dollar_bill/image_0006.jpg	29
dollar_bill/image_0007.jpg	29
dollar_bill/image_0008.jpg	29
dollar_bill/image_0009.jpg	29
dollar_bill/image_0010.jpg	29
dollar_bill/image_0011.jpg	29
dollar_bill/image_0012.jpg	29
dollar_bill/image_0013.jpg	29
dollar_bill/image_0014.jpg	29
dollar_bill/image_0015.jpg	29
dollar_bill/image_0016.jpg	29
dollar_bill/image_0017.jpg	29
dollar_bill/image_0018.jpg	29
dollar_bill/image_0019.jpg	29
dollar_bill/image_0020.jpg	29
dolphin/image_0001.jpg	30
dolphin/image_0002.jpg	30
dolphin/image_0003.jpg	30
dolphin/image_0004.jpg	30
dolphin/image_0005.jpg	30
dolphin/image_0006.jpg	30
dolphin/image_0007.jpg	30
dolphin/image_0008.jpg	30
dolphin/image_0009.jpg	30
dolphin/image_0010.jpg	30
dolphin/image_0011.jpg	30
dolphin/image_0012.jpg	30
dolphin/image_0013.jpg	30
dolphin/image_0014.jpg	30
dolphin/image_0015.jpg	30
dolphin/image_0016.jpg	30
dolphin/image_0017.jpg	30
dolphin/image_0018.jpg	30
dolphin/image_0019.jpg	30
dolphin/image_0020.jpg	30
dragonfly/image_0001.jpg	31
dragonfly/image_0002.jpg	31
dragonfly/image_0003.jpg	31
dragonfly/image_0004.jpg	31
dragonfly/image_0005.jpg	31
dragonfly/image_0006.jpg	31
dragonfly/image_0007.jpg	31
dragonfly/image_0008.jpg	31
dragonfly/image_0009.jpg	31
dragonfly/image_0010.jpg	31
dragonfly/image_0011.jpg	31
dragonfly/image_0012.jpg	31
dragonfly/image_0013.jpg	31
dragonfly/image_0014.jpg	31
dragonfly/image_0015.jpg	31
dragonfly/image_0016.jpg	31
dragonfly/image_0017.jpg	31
dragonfly/image_0018.jpg	31
dragonfly/image_0019.jpg	31
dragonfly/image_0020.jpg	31
electric_guitar/image_0001.jpg	32
electric_guitar/image_0002.jpg	32
electric_guitar/image_0003.jpg	32
electric_guitar/image_0004.jpg	32
electric_guitar/image_0005.jpg	32
electric_guitar/image_0006.jpg	32
electric_guitar/image_0007.jpg	32
electric_guitar/image_0008.jpg	32
electric_guitar/image_0009.jpg	32
electric_guitar/image_0010.jpg	32
electric_guitar/image_0011.jpg	32
electric_guitar/image_0012.jpg	32
electric_guitar/image_0013.jpg	32
electric_guitar/image_0014.jpg	32
electric_guitar/image_0015.jpg	32
electric_guitar/image_0016.jpg	32
electric_guitar/image_0017.jpg	32
electric_guitar/image_0018.jpg	32
electric_guitar/image_0019.jpg	32
electric_guitar/image_0020.jpg	32
elephant/image_0001.jpg	33
elephant/image_0002.jpg	33
elephant/image_0003.jpg	33
elephant/image_0004.jpg	33
elephant/image_0005.jpg	33
elephant/image_0006.jpg	33
elephant/image_0007.jpg	33
elephant/image_0008.jpg	33
elephant/image_0009.jpg	33
elephant/image_0010.jpg	33
elephant/image_0011.jpg	33
elephant/image_0012.jpg	33
elephant/image_0013.jpg	33
elephant/image_0014.jpg	33
elephant/image_0015.jpg	33
elephant/image_0016.jpg	33
elephant/image_0017.jpg	33
elephant/image_0018.jpg	33
elephant/image_0019.jpg	33
elephant/image_0020.jpg	33
emu/image_0001.jpg	34
emu/image_0002.jpg	34
emu/image_0003.jpg	34
emu/image_0004.jpg	34
emu/image_0005.jpg	34
emu/image_0006.jpg	34
emu/image_0007.jpg	34
emu/image_0008.jpg	34
emu/image_0009.jpg	34
emu/image_0010.jpg	34
emu/image_0011.jpg	34
emu/image_0012.jpg	34
emu/image_0013.jpg	34
emu/image_0014.jpg	34
emu/image_0015.jpg	34
emu/image_0016.jpg	34
emu/image_0017.jpg	34
emu/image_0018.jpg	34
emu/image_0019.jpg	34
emu/image_0020.jpg	34
euphonium/image_0001.jpg	35
euphonium/image_0002.jpg	35
euphonium/image_0003.jpg	35
euphonium/image_0004.jpg	35
euphonium/image_0005.jpg	35
euphonium/image_0006.jpg	35
euphonium/image_0007.jpg	35
euphonium/image_0008.jpg	35
euphonium/image_0009.jpg	35
euphonium/image_0010.jpg	35
euphonium/image_0011.jpg	35
euphonium/image_0012.jpg	35
euphonium/image_0013.jpg	35
euphonium/image_0014.jpg	35
euphonium/image_0015.jpg	35
euphonium/image_0016.jpg	35
euphonium/image_0017.jpg	35
euphonium/image_0018.jpg	35
euphonium/image_0019.jpg	35
euphonium/image_0020.jpg	35
ewer/image_0001.jpg	36
ewer/image_0002.jpg	36
ewer/image_0003.jpg	36
ewer/image_0004.jpg	36
ewer/image_0005.jpg	36
ewer/image_0006.jpg	36
ewer/image_0007.jpg	36
ewer/image_0008.jpg	36
ewer/image_0009.jpg	36
ewer/image_0010.jpg	36
ewer/image_0011.jpg	36
ewer/image_0012.jpg	36
ewer/image_0013.jpg	36
ewer/image_0014.jpg	36
ewer/image_0015.jpg	36
ewer/image_0016.jpg	36
ewer/image_0017.jpg	36
ewer/image_0018.jpg	36
ewer/image_0019.jpg	36
ewer/image_0020.jpg	36
Faces/image_0001.jpg	37
Faces/image_0002.jpg	37
Faces/image_0003.jpg	37
Faces/image_0004.jpg	37
Faces/image_0005.jpg	37
Faces/image_0006.jpg	37
Faces/image_0007.jpg	37
Faces/image_0008.jpg	37
Faces/image_0009.jpg	37
Faces/image_0010.jpg	37
Faces/image_0011.jpg	37
Faces/image_0012.jpg	37
Faces/image_0013.jpg	37
Faces/image_0014.jpg	37
Faces/image_0015.jpg	37
Faces/image_0016.jpg	37
Faces/image_0017.jpg	37
Faces/image_0018.jpg	37
Faces/image_0019.jpg	37
Faces/image_0020.jpg	37
Faces_easy/image_0001.jpg	38
Faces_easy/image_0002.jpg	38
Faces_easy/image_0003.jpg	38
Faces_easy/image_0004.jpg	38
Faces_easy/image_0005.jpg	38
Faces_easy/image_0006.jpg	38
Faces_easy/image_0007.jpg	38
Faces_easy/image_0008.jpg	38
Faces_easy/image_0009.jpg	38
Faces_easy/image_0010.jpg	38
Faces_easy/image_0011.jpg	38
Faces_easy/image_0012.jpg	38
Faces_easy/image_0013.jpg	38
Faces_easy/image_0014.jpg	38
Faces_easy/image_0015.jpg	38
Faces_easy/image_0016.jpg	38
Faces_easy/image_0017.jpg	38
Faces_easy/image_0018.jpg	38
Faces_easy/image_0019.jpg	38
Faces_easy/image_0020.jpg	38
ferry/image_0001.jpg	39
ferry/image_0002.jpg	39
ferry/image_0003.jpg	39
ferry/image_0004.jpg	39
ferry/image_0005.jpg	39
ferry/image_0006.jpg	39
ferry/image_0007.jpg	39
ferry/image_0008.jpg	39
ferry/image_0009.jpg	39
ferry/image_0010.jpg	39
ferry/image_0011.jpg	39
ferry/image_0012.jpg	39
ferry/image_0013.jpg	39
ferry/image_0014.jpg	39
ferry/image_0015.jpg	39
ferry/image_0016.jpg	39
ferry/image_0017.jpg	39
ferry/image_0018.jpg	39
ferry/image_0019.jpg	39
ferry/image_0020.jpg	39
flamingo/image_0001.jpg	40
flamingo/image_0002.jpg	40
flamingo/image_0003.jpg	40
flamingo/image_0004.jpg	40
flamingo/image_0005.jpg	40
flamingo/image_0006.jpg	40
flamingo/image_0007.jpg	40
flamingo/image_0008.jpg	40
flamingo/image_0009.jpg	40
flamingo/image_0010.jpg	40
flamingo/image_0011.jpg	40
flamingo/image_0012.jpg	40
flamingo/image_0013.jpg	40
flamingo/image_0014.jpg	40
flamingo/image_0015.jpg	40
flamingo/image_0016.jpg	40
flamingo/image_0017.jpg	40
flamingo/image_0018.jpg	40
flamingo/image_0019.jpg	40
flamingo/image_0020.jpg	40
flamingo_head/image_0001.jpg	41
flamingo_head/image_0002.jpg	41
flamingo_head/image_0003.jpg	41
flamingo_head/image_0004.jpg	41
flamingo_head/image_0005.jpg	41
flamingo_head/image_0006.jpg	41
flamingo_head/image_0007.jpg	41
flamingo_head/image_0008.jpg	41
flamingo_head/image_0009.jpg	41
flamingo_head/image_0010.jpg	41
flamingo_head/image_0011.jpg	41
flamingo_head/image_0012.jpg	41
flamingo_head/image_0013.jpg	41
flamingo_head/image_0014.jpg	41
flamingo_head/image_0015.jpg	41
flamingo_head/image_0016.jpg	41
flamingo_head/image_0017.jpg	41
flamingo_head/image_0018.jpg	41
flamingo_head/image_0019.jpg	41
flamingo_head/image_0020.jpg	41
garfield/image_0001.jpg	42
garfield/image_0002.jpg	42
garfield/image_0003.jpg	42
garfield/image_0004.jpg	42
garfield/image_0005.jpg	42
garfield/image_0006.jpg	42
garfield/image_0007.jpg	42
garfield/image_0008.jpg	42
garfield/image_0009.jpg	42
garfield/image_0010.jpg	42
garfield/image_0011.jpg	42
garfield/image_0012.jpg	42
garfield/image_0013.jpg	42
garfield/image_0014.jpg	42
garfield/image_0015.jpg	42
garfield/image_0016.jpg	42
garfield/image_0017.jpg	42
garfield/image_0018.jpg	42
garfield/image_0019.jpg	42
garfield/image_0020.jpg	42
gerenuk/image_0001.jpg	43
gerenuk/image_0002.jpg	43
gerenuk/image_0003.jpg	43
gerenuk/image_0004.jpg	43
gerenuk/image_0005.jpg	43
gerenuk/image_0006.jpg	43
gerenuk/image_0007.jpg	43
gerenuk/image_0008.jpg	43
gerenuk/image_0009.jpg	43
gerenuk/image_0010.jpg	43
gerenuk/image_0011.jpg	43
gerenuk/image_0012.jpg	43
gerenuk/image_0013.jpg	43
gerenuk/image_0014.jpg	43
gerenuk/image_0015.jpg	43
gerenuk/image_0016.jpg	43
gerenuk/image_0017.jpg	43
gerenuk/image_0018.jpg	43
gerenuk/image_0019.jpg	43
gerenuk/image_0020.jpg	43
gramophone/image_0001.jpg	44
gramophone/image_0002.jpg	44
gramophone/image_0003.jpg	44
gramophone/image_0004.jpg	44
gramophone/image_0005.jpg	44
gramophone/image_0006.jpg	44
gramophone/image_0007.jpg	44
gramophone/image_0008.jpg	44
gramophone/image_0009.jpg	44
gramophone/image_0010.jpg	44
gramophone/image_0011.jpg	44
gramophone/image_0012.jpg	44
gramophone/image_0013.jpg	44
gramophone/image_0014.jpg	44
gramophone/image_0015.jpg	44
gramophone/image_0016.jpg	44
gramophone/image_0017.jpg	44
gramophone/image_0018.jpg	44
gramophone/image_0019.jpg	44
gramophone/image_0020.jpg	44
grand_piano/image_0001.jpg	45
grand_piano/image_0002.jpg	45
grand_piano/image_0003.jpg	45
grand_piano/image_0004.jpg	45
grand_piano/image_0005.jpg	45
grand_piano/image_0006.jpg	45
grand_piano/image_0007.jpg	45
grand_piano/image_0008.jpg	45
grand_piano/image_0009.jpg	45
grand_piano/image_0010.jpg	45
grand_piano/image_0011.jpg	45
grand_piano/image_0012.jpg	45
grand_piano/image_0013.jpg	45
grand_piano/image_0014.jpg	45
grand_piano/image_0015.jpg	45
grand_piano/image_0016.jpg	45
grand_piano/image_0017.jpg	45
grand_piano/image_0018.jpg	45
grand_piano/image_0019.jpg	45
grand_piano/image_0020.jpg	45
hawksbill/image_0001.jpg	46
hawksbill/image_0002.jpg	46
hawksbill/image_0003.jpg	46
hawksbill/image_0004.jpg	46
hawksbill/image_0005.jpg	46
hawksbill/image_0006.jpg	46
hawksbill/image_0007.jpg	46
hawksbill/image_0008.jpg	46
hawksbill/image_0009.jpg	46
hawksbill/image_0010.jpg	46
hawksbill/image_0011.jpg	46
hawksbill/image_0012.jpg	46
hawksbill/image_0013.jpg	46
hawksbill/image_0014.jpg	46
hawksbill/image_0015.jpg	46
hawksbill/image_0016.jpg	46
hawksbill/image_0017.jpg	46
hawksbill/image_0018.jpg	46
hawksbill/image_0019.jpg	46
hawksbill/image_0020.jpg	46
headphone/image_0001.jpg	47
headphone/image_0002.jpg	47
headphone/image_0003.jpg	47
headphone/image_0004.jpg	47
headphone/image_0005.jpg	47
headphone/image_0006.jpg	47
headphone/image_0007.jpg	47
headphone/image_0008.jpg	47
headphone/image_0009.jpg	47
headphone/image_0010.jpg	47
headphone/image_0011.jpg	47
headphone/image_0012.jpg	47
headphone/image_0013.jpg	47
headphone/image_0014.jpg	47
headphone/image_0015.jpg	47
headphone/image_0016.jpg	47
headphone/image_0017.jpg	47
headphone/image_0018.jpg	47
headphone/image_0019.jpg	47
headphone/image_0020.jpg	47
hedgehog/image_0001.jpg	48
hedgehog/image_0002.jpg	48
hedgehog/image_0003.jpg	48
hedgehog/image_0004.jpg	48
hedgehog/image_0005.jpg	48
hedgehog/image_0006.jpg	48
hedgehog/image_0007.jpg	48
hedgehog/image_0008.jpg	48
hedgehog/image_0009.jpg	48
hedgehog/image_0010.jpg	48
hedgehog/image_0011.jpg	48
hedgehog/image_0012.jpg	48
hedgehog/image_0013.jpg	48
hedgehog/image_0014.jpg	48
hedgehog/image_0015.jpg	48
hedgehog/image_0016.jpg	48
hedgehog/image_0017.jpg	48
hedgehog/image_0018.jpg	48
hedgehog/image_0019.jpg	48
hedgehog/image_0020.jpg	48
helicopter/image_0001.jpg	49
helicopter/image_0002.jpg	49
helicopter/image_0003.jpg	49
helicopter/image_0004.jpg	49
helicopter/image_0005.jpg	49
helicopter/image_0006.jpg	49
helicopter/image_0007.jpg	49
helicopter/image_0008.jpg	49
helicopter/image_0009.jpg	49
helicopter/image_0010.jpg	49
helicopter/image_0011.jpg	49
helicopter/image_0012.jpg	49
helicopter/image_0013.jpg	49
helicopter/image_0014.jpg	49
helicopter/image_0015.jpg	49
helicopter/image_0016.jpg	49
helicopter/image_0017.jpg	49
helicopter/image_0018.jpg	49
helicopter/image_0019.jpg	49
helicopter/image_0020.jpg	49
ibis/image_0001.jpg	50
ibis/image_0002.jpg	50
ibis/image_0003.jpg	50
ibis/image_0004.jpg	50
ibis/image_0005.jpg	50
ibis/image_0006.jpg	50
ibis/image_0007.jpg	50
ibis/image_0008.jpg	50
ibis/image_0009.jpg	50
ibis/image_0010.jpg	50
ibis/image_0011.jpg	50
ibis/image_0012.jpg	50
ibis/image_0013.jpg	50
ibis/image_0014.jpg	50
ibis/image_0015.jpg	50
ibis/image_0016.jpg	50
ibis/image_0017.jpg	50
ibis/image_0018.jpg	50
ibis/image_0019.jpg	50
ibis/image_0020.jpg	50
inline_skate/image_0001.jpg	51
inline_skate/image_0002.jpg	51
inline_skate/image_0003.jpg	51
inline_skate/image_0004.jpg	51
inline_skate/image_0005.jpg	51
inline_skate/image_0006.jpg	51
inline_skate/image_0007.jpg	51
inline_skate/image_0008.jpg	51
inline_skate/image_0009.jpg	51
inline_skate/image_0010.jpg	51
inline_skate/image_0011.jpg	51
inline_skate/image_0012.jpg	51
inline_skate/image_0013.jpg	51
inline_skate/image_0014.jpg	51
inline_skate/image_0015.jpg	51
inline_skate/image_0016.jpg	51
inline_skate/image_0017.jpg	51
inline_skate/image_0018.jpg	51
inline_skate/image_0019.jpg	51
inline_skate/image_0020.jpg	51
joshua_tree/image_0001.jpg	52
joshua_tree/image_0002.jpg	52
joshua_tree/image_0003.jpg	52
joshua_tree/image_0004.jpg	52
joshua_tree/image_0005.jpg	52
joshua_tree/image_0006.jpg	52
joshua_tree/image_0007.jpg	52
joshua_tree/image_0008.jpg	52
joshua_tree/image_0009.jpg	52
joshua_tree/image_0010.jpg	52
joshua_tree/image_0011.jpg	52
joshua_tree/image_0012.jpg	52
joshua_tree/image_0013.jpg	52
joshua_tree/image_0014.jpg	52
joshua_tree/image_0015.jpg	52
joshua_tree/image_0016.jpg	52
joshua_tree/image_0017.jpg	52
joshua_tree/image_0018.jpg	52
joshua_tree/image_0019.jpg	52
joshua_tree/image_0020.jpg	52
kangaroo/image_0001.jpg	53
kangaroo/image_0002.jpg	53
kangaroo/image_0003.jpg	53
kangaroo/image_0004.jpg	53
kangaroo/image_0005.jpg	53
kangaroo/image_0006.jpg	53
kangaroo/image_0007.jpg	53
kangaroo/image_0008.jpg	53
kangaroo/image_0009.jpg	53
kangaroo/image_0010.jpg	53
kangaroo/image_0011.jpg	53
kangaroo/image_0012.jpg	53
kangaroo/image_0013.jpg	53
kangaroo/image_0014.jpg	53
kangaroo/image_0015.jpg	53
kangaroo/image_0016.jpg	53
kangaroo/image_0017.jpg	53
kangaroo/image_0018.jpg	53
kangaroo/image_0019.jpg	53
kangaroo/image_0020.jpg	53
ketch/image_0001.jpg	54
ketch/image_0002.jpg	54
ketch/image_0003.jpg	54
ketch/image_0004.jpg	54
ketch/image_0005.jpg	54
ketch/image_0006.jpg	54
ketch/image_0007.jpg	54
ketch/image_0008.jpg	54
ketch/image_0009.jpg	54
ketch/image_0010.jpg	54
ketch/image_0011.jpg	54
ketch/image_0012.jpg	54
ketch/image_0013.jpg	54
ketch/image_0014.jpg	54
ketch/image_0015.jpg	54
ketch/image_0016.jpg	54
ketch/image_0017.jpg	54
ketch/image_0018.jpg	54
ketch/image_0019.jpg	54
ketch/image_0020.jpg	54
lamp/image_0001.jpg	55
lamp/image_0002.jpg	55
lamp/image_0003.jpg	55
lamp/image_0004.jpg	55
lamp/image_0005.jpg	55
lamp/image_0006.jpg	55
lamp/image_0007.jpg	55
lamp/image_0008.jpg	55
lamp/image_0009.jpg	55
lamp/image_0010.jpg	55
lamp/image_0011.jpg	55
lamp/image_0012.jpg	55
lamp/image_0013.jpg	55
lamp/image_0014.jpg	55
lamp/image_0015.jpg	55
lamp/image_0016.jpg	55
lamp/image_0017.jpg	55
lamp/image_0018.jpg	55
lamp/image_0019.jpg	55
lamp/image_0020.jpg	55
laptop/image_0001.jpg	56
laptop/image_0002.jpg	56
laptop/image_0003.jpg	56
laptop/image_0004.jpg	56
laptop/image_0005.jpg	56
laptop/image_0006.jpg	56
laptop/image_0007.jpg	56
laptop/image_0008.jpg	56
laptop/image_0009.jpg	56
laptop/image_0010.jpg	56
laptop/image_0011.jpg	56
laptop/image_0012.jpg	56
laptop/image_0013.jpg	56
laptop/image_0014.jpg	56
laptop/image_0015.jpg	56
laptop/image_0016.jpg	56
laptop/image_0017.jpg	56
laptop/image_0018.jpg	56
laptop/image_0019.jpg	56
laptop/image_0020.jpg	56
Leopards/image_0001.jpg	57
Leopards/image_0002.jpg	57
Leopards/image_0003.jpg	57
Leopards/image_0004.jpg	57
Leopards/image_0005.jpg	57
Leopards/image_0006.jpg	57
Leopards/image_0007.jpg	57
Leopards/image_0008.jpg	57
Leopards/image_0009.jpg	57
Leopards/image_0010.jpg	57
Leopards/image_0011.jpg	57
Leopards/image_0012.jpg	57
Leopards/image_0013.jpg	57
Leopards/image_0014.jpg	57
Leopards/image_0015.jpg	57
Leopards/image_0016.jpg	57
Leopards/image_0017.jpg	57
Leopards/image_0018.jpg	57
Leopards/image_0019.jpg	57
Leopards/image_0020.jpg	57
llama/image_0001.jpg	58
llama/image_0002.jpg	58
llama/image_0003.jpg	58
llama/image_0004.jpg	58
llama/image_0005.jpg	58
llama/image_0006.jpg	58
llama/image_0007.jpg	58
llama/image_0008.jpg	58
llama/image_0009.jpg	58
llama/image_0010.jpg	58
llama/image_0011.jpg	58
llama/image_0012.jpg	58
llama/image_0013.jpg	58
llama/image_0014.jpg	58
llama/image_0015.jpg	58
llama/image_0016.jpg	58
llama/image_0017.jpg	58
llama/image_0018.jpg	58
llama/image_0019.jpg	58
llama/image_0020.jpg	58
lobster/image_0001.jpg	59
lobster/image_0002.jpg	59
lobster/image_0003.jpg	59
lobster/image_0004.jpg	59
lobster/image_0005.jpg	59
lobster/image_0006.jpg	59
lobster/image_0007.jpg	59
lobster/image_0008.jpg	59
lobster/image_0009.jpg	59
lobster/image_0010.jpg	59
lobster/image_0011.jpg	59
lobster/image_0012.jpg	59
lobster/image_0013.jpg	59
lobster/image_0014.jpg	59
lobster/image_0015.jpg	59
lobster/image_0016.jpg	59
lobster/image_0017.jpg	59
lobster/image_0018.jpg	59
lobster/image_0019.jpg	59
lobster/image_0020.jpg	59
lotus/image_0001.jpg	60
lotus/image_0002.jpg	60
lotus/image_0003.jpg	60
lotus/image_0004.jpg	60
lotus/image_0005.jpg	60
lotus/image_0006.jpg	60
lotus/image_0007.jpg	60
lotus/image_0008.jpg	60
lotus/image_0009.jpg	60
lotus/image_0010.jpg	60
lotus/image_0011.jpg	60
lotus/image_0012.jpg	60
lotus/image_0013.jpg	60
lotus/image_0014.jpg	60
lotus/image_0015.jpg	60
lotus/image_0016.jpg	60
lotus/image_0017.jpg	60
lotus/image_0018.jpg	60
lotus/image_0019.jpg	60
lotus/image_0020.jpg	60
mandolin/image_0001.jpg	61
mandolin/image_0002.jpg	61
mandolin/image_0003.jpg	61
mandolin/image_0004.jpg	61
mandolin/image_0005.jpg	61
mandolin/image_0006.jpg	61
mandolin/image_0007.jpg	61
mandolin/image_0008.jpg	61
mandolin/image_0009.jpg	61
mandolin/image_0010.jpg	61
mandolin/image_0011.jpg	61
mandolin/image_0012.jpg	61
mandolin/image_0013.jpg	61
mandolin/image_0014.jpg	61
mandolin/image_0015.jpg	61
mandolin/image_0016.jpg	61
mandolin/image_0017.jpg	61
mandolin/image_0018.jpg	61
mandolin/image_0019.jpg	61
mandolin/image_0020.jpg	61
mayfly/image_0001.jpg	62
mayfly/image_0002.jpg	62
mayfly/image_0003.jpg	62
mayfly/image_0004.jpg	62
mayfly/image_0005.jpg	62
mayfly/image_0006.jpg	62
mayfly/image_0007.jpg	62
mayfly/image_0008.jpg	62
mayfly/image_0009.jpg	62
mayfly/image_0010.jpg	62
mayfly/image_0011.jpg	62
mayfly/image_0012.jpg	62
mayfly/image_0013.jpg	62
mayfly/image_0014.jpg	62
mayfly/image_0015.jpg	62
mayfly/image_0016.jpg	62
mayfly/image_0017.jpg	62
mayfly/image_0018.jpg	62
mayfly/image_0019.jpg	62
mayfly/image_0020.jpg	62
menorah/image_0001.jpg	63
menorah/image_0002.jpg	63
menorah/image_0003.jpg	63
menorah/image_0004.jpg	63
menorah/image_0005.jpg	63
menorah/image_0006.jpg	63
menorah/image_0007.jpg	63
menorah/image_0008.jpg	63
menorah/image_0009.jpg	63
menorah/image_0010.jpg	63
menorah/image_0011.jpg	63
menorah/image_0012.jpg	63
menorah/image_0013.jpg	63
menorah/image_0014.jpg	63
menorah/image_0015.jpg	63
menorah/image_0016.jpg	63
menorah/image_0017.jpg	63
menorah/image_0018.jpg	63
menorah/image_0019.jpg	63
menorah/image_0020.jpg	63
metronome/image_0001.jpg	64
metronome/image_0002.jpg	64
metronome/image_0003.jpg	64
metronome/image_0004.jpg	64
metronome/image_0005.jpg	64
metronome/image_0006.jpg	64
metronome/image_0007.jpg	64
metronome/image_0008.jpg	64
metronome/image_0009.jpg	64
metronome/image_0010.jpg	64
metronome/image_0011.jpg	64
metronome/image_0012.jpg	64
metronome/image_0013.jpg	64
metronome/image_0014.jpg	64
metronome/image_0015.jpg	64
metronome/image_0016.jpg	64
metronome/image_0017.jpg	64
metronome/image_0018.jpg	64
metronome/image_0019.jpg	64
metronome/image_0020.jpg	64
minaret/image_0001.jpg	65
minaret/image_0002.jpg	65
minaret/image_0003.jpg	65
minaret/image_0004.jpg	65
minaret/image_0005.jpg	65
minaret/image_0006.jpg	65
minaret/image_0007.jpg	65
minaret/image_0008.jpg	65
minaret/image_0009.jpg	65
minaret/image_0010.jpg	65
minaret/image_0011.jpg	65
minaret/image_0012.jpg	65
minaret/image_0013.jpg	65
minaret/image_0014.jpg	65
minaret/image_0015.jpg	65
minaret/image_0016.jpg	65
minaret/image_0017.jpg	65
minaret/image_0018.jpg	65
minaret/image_0019.jpg	65
minaret/image_0020.jpg	65
Motorbikes/image_0001.jpg	66
Motorbikes/image_0002.jpg	66
Motorbikes/image_0003.jpg	66
Motorbikes/image_0004.jpg	66
Motorbikes/image_0005.jpg	66
Motorbikes/image_0006.jpg	66
Motorbikes/image_0007.jpg	66
Motorbikes/image_0008.jpg	66
Motorbikes/image_0009.jpg	66
Motorbikes/image_0010.jpg	66
Motorbikes/image_0011.jpg	66
Motorbikes/image_0012.jpg	66
Motorbikes/image_0013.jpg	66
Motorbikes/image_0014.jpg	66
Motorbikes/image_0015.jpg	66
Motorbikes/image_0016.jpg	66
Motorbikes/image_0017.jpg	66
Motorbikes/image_0018.jpg	66
Motorbikes/image_0019.jpg	66
Motorbikes/image_0020.jpg	66
nautilus/image_0001.jpg	67
nautilus/image_0002.jpg	67
nautilus/image_0003.jpg	67
nautilus/image_0004.jpg	67
nautilus/image_0005.jpg	67
nautilus/image_0006.jpg	67
nautilus/image_0007.jpg	67
nautilus/image_0008.jpg	67
nautilus/image_0009.jpg	67
nautilus/image_0010.jpg	67
nautilus/image_0011.jpg	67
nautilus/image_0012.jpg	67
nautilus/image_0013.jpg	67
nautilus/image_0014.jpg	67
nautilus/image_0015.jpg	67
nautilus/image_0016.jpg	67
nautilus/image_0017.jpg	67
nautilus/image_0018.jpg	67
nautilus/image_0019.jpg	67
nautilus/image_0020.jpg	67
octopus/image_0001.jpg	68
octopus/image_0002.jpg	68
octopus/image_0003.jpg	68
octopus/image_0004.jpg	68
octopus/image_0005.jpg	68
octopus/image_0006.jpg	68
octopus/image_0007.jpg	68
octopus/image_0008.jpg	68
octopus/image_0009.jpg	68
octopus/image_0010.jpg	68
octopus/image_0011.jpg	68
octopus/image_0012.jpg	68
octopus/image_0013.jpg	68
octopus/image_0014.jpg	68
octopus/image_0015.jpg	68
octopus/image_0016.jpg	68
octopus/image_0017.jpg	68
octopus/image_0018.jpg	68
octopus/image_0019.jpg	68
octopus/image_0020.jpg	68
okapi/image_0001.jpg	69
okapi/image_0002.jpg	69
okapi/image_0003.jpg	69
okapi/image_0004.jpg	69
okapi/image_0005.jpg	69
okapi/image_0006.jpg	69
okapi/image_0007.jpg	69
okapi/image_0008.jpg	69
okapi/image_0009.jpg	69
okapi/image_0010.jpg	69
okapi/image_0011.jpg	69
okapi/image_0012.jpg	69
okapi/image_0013.jpg	69
okapi/image_0014.jpg	69
okapi/image_0015.jpg	69
okapi/image_0016.jpg	69
okapi/image_0017.jpg	69
okapi/image_0018.jpg	69
okapi/image_0019.jpg	69
okapi/image_0020.jpg	69
pagoda/image_0001.jpg	70
pagoda/image_0002.jpg	70
pagoda/image_0003.jpg	70
pagoda/image_0004.jpg	70
pagoda/image_0005.jpg	70
pagoda/image_0006.jpg	70
pagoda/image_0007.jpg	70
pagoda/image_0008.jpg	70
pagoda/image_0009.jpg	70
pagoda/image_0010.jpg	70
pagoda/image_0011.jpg	70
pagoda/image_0012.jpg	70
pagoda/image_0013.jpg	70
pagoda/image_0014.jpg	70
pagoda/image_0015.jpg	70
pagoda/image_0016.jpg	70
pagoda/image_0017.jpg	70
pagoda/image_0018.jpg	70
pagoda/image_0019.jpg	70
pagoda/image_0020.jpg	70
panda/image_0001.jpg	71
panda/image_0002.jpg	71
panda/image_0003.jpg	71
panda/image_0004.jpg	71
panda/image_0005.jpg	71
panda/image_0006.jpg	71
panda/image_0007.jpg	71
panda/image_0008.jpg	71
panda/image_0009.jpg	71
panda/image_0010.jpg	71
panda/image_0011.jpg	71
panda/image_0012.jpg	71
panda/image_0013.jpg	71
panda/image_0014.jpg	71
panda/image_0015.jpg	71
panda/image_0016.jpg	71
panda/image_0017.jpg	71
panda/image_0018.jpg	71
panda/image_0019.jpg	71
panda/image_0020.jpg	71
pigeon/image_0001.jpg	72
pigeon/image_0002.jpg	72
pigeon/image_0003.jpg	72
pigeon/image_0004.jpg	72
pigeon/image_0005.jpg	72
pigeon/image_0006.jpg	72
pigeon/image_0007.jpg	72
pigeon/image_0008.jpg	72
pigeon/image_0009.jpg	72
pigeon/image_0010.jpg	72
pigeon/image_0011.jpg	72
pigeon/image_0012.jpg	72
pigeon/image_0013.jpg	72
pigeon/image_0014.jpg	72
pigeon/image_0015.jpg	72
pigeon/image_0016.jpg	72
pigeon/image_0017.jpg	72
pigeon/image_0018.jpg	72
pigeon/image_0019.jpg	72
pigeon/image_0020.jpg	72
pizza/image_0001.jpg	73
pizza/image_0002.jpg	73
pizza/image_0003.jpg	73
pizza/image_0004.jpg	73
pizza/image_0005.jpg	73
pizza/image_0006.jpg	73
pizza/image_0007.jpg	73
pizza/image_0008.jpg	73
pizza/image_0009.jpg	73
pizza/image_0010.jpg	73
pizza/image_0011.jpg	73
pizza/image_0012.jpg	73
pizza/image_0013.jpg	73
pizza/image_0014.jpg	73
pizza/image_0015.jpg	73
pizza/image_0016.jpg	73
pizza/image_0017.jpg	73
pizza/image_0018.jpg	73
pizza/image_0019.jpg	73
pizza/image_0020.jpg	73
platypus/image_0001.jpg	74
platypus/image_0002.jpg	74
platypus/image_0003.jpg	74
platypus/image_0004.jpg	74
platypus/image_0005.jpg	74
platypus/image_0006.jpg	74
platypus/image_0007.jpg	74
platypus/image_0008.jpg	74
platypus/image_0009.jpg	74
platypus/image_0010.jpg	74
platypus/image_0011.jpg	74
platypus/image_0012.jpg	74
platypus/image_0013.jpg	74
platypus/image_0014.jpg	74
platypus/image_0015.jpg	74
platypus/image_0016.jpg	74
platypus/image_0017.jpg	74
platypus/image_0018.jpg	74
platypus/image_0019.jpg	74
platypus/image_0020.jpg	74
pyramid/image_0001.jpg	75
pyramid/image_0002.jpg	75
pyramid/image_0003.jpg	75
pyramid/image_0004.jpg	75
pyramid/image_0005.jpg	75
pyramid/image_0006.jpg	75
pyramid/image_0007.jpg	75
pyramid/image_0008.jpg	75
pyramid/image_0009.jpg	75
pyramid/image_0010.jpg	75
pyramid/image_0011.jpg	75
pyramid/image_0012.jpg	75
pyramid/image_0013.jpg	75
pyramid/image_0014.jpg	75
pyramid/image_0015.jpg	75
pyramid/image_0016.jpg	75
pyramid/image_0017.jpg	75
pyramid/image_0018.jpg	75
pyramid/image_0019.jpg	75
pyramid/image_0020.jpg	75
revolver/image_0001.jpg	76
revolver/image_0002.jpg	76
revolver/image_0003.jpg	76
revolver/image_0004.jpg	76
revolver/image_0005.jpg	76
revolver/image_0006.jpg	76
revolver/image_0007.jpg	76
revolver/image_0008.jpg	76
revolver/image_0009.jpg	76
revolver/image_0010.jpg	76
revolver/image_0011.jpg	76
revolver/image_0012.jpg	76
revolver/image_0013.jpg	76
revolver/image_0014.jpg	76
revolver/image_0015.jpg	76
revolver/image_0016.jpg	76
revolver/image_0017.jpg	76
revolver/image_0018.jpg	76
revolver/image_0019.jpg	76
revolver/image_0020.jpg	76
rhino/image_0001.jpg	77
rhino/image_0002.jpg	77
rhino/image_0003.jpg	77
rhino/image_0004.jpg	77
rhino/image_0005.jpg	77
rhino/image_0006.jpg	77
rhino/image_0007.jpg	77
rhino/image_0008.jpg	77
rhino/image_0009.jpg	77
rhino/image_0010.jpg	77
rhino/image_0011.jpg	77
rhino/image_0012.jpg	77
rhino/image_0013.jpg	77
rhino/image_0014.jpg	77
rhino/image_0015.jpg	77
rhino/image_0016.jpg	77
rhino/image_0017.jpg	77
rhino/image_0018.jpg	77
rhino/image_0019.jpg	77
rhino/image_0020.jpg	77
rooster/image_0001.jpg	78
rooster/image_0002.jpg	78
rooster/image_0003.jpg	78
rooster/image_0004.jpg	78
rooster/image_0005.jpg	78
rooster/image_0006.jpg	78
rooster/image_0007.jpg	78
rooster/image_0008.jpg	78
rooster/image_0009.jpg	78
rooster/image_0010.jpg	78
rooster/image_0011.jpg	78
rooster/image_0012.jpg	78
rooster/image_0013.jpg	78
rooster/image_0014.jpg	78
rooster/image_0015.jpg	78
rooster/image_0016.jpg	78
rooster/image_0017.jpg	78
rooster/image_0018.jpg	78
rooster/image_0019.jpg	78
rooster/image_0020.jpg	78
saxophone/image_0001.jpg	79
saxophone/image_0002.jpg	79
saxophone/image_0003.jpg	79
saxophone/image_0004.jpg	79
saxophone/image_0005.jpg	79
saxophone/image_0006.jpg	79
saxophone/image_0007.jpg	79
saxophone/image_0008.jpg	79
saxophone/image_0009.jpg	79
saxophone/image_0010.jpg	79
saxophone/image_0011.jpg	79
saxophone/image_0012.jpg	79
saxophone/image_0013.jpg	79
saxophone/image_0014.jpg	79
saxophone/image_0015.jpg	79
saxophone/image_0016.jpg	79
saxophone/image_0017.jpg	79
saxophone/image_0018.jpg	79
saxophone/image_0019.jpg	79
saxophone/image_0020.jpg	79
schooner/image_0001.jpg	80
schooner/image_0002.jpg	80
schooner/image_0003.jpg	80
schooner/image_0004.jpg	80
schooner/image_0005.jpg	80
schooner/image_0006.jpg	80
schooner/image_0007.jpg	80
schooner/image_0008.jpg	80
schooner/image_0009.jpg	80
schooner/image_0010.jpg	80
schooner/image_0011.jpg	80
schooner/image_0012.jpg	80
schooner/image_0013.jpg	80
schooner/image_0014.jpg	80
schooner/image_0015.jpg	80
schooner/image_0016.jpg	80
schooner/image_0017.jpg	80
schooner/image_0018.jpg	80
schooner/image_0019.jpg	80
schooner/image_0020.jpg	80
scissors/image_0001.jpg	81
scissors/image_0002.jpg	81
scissors/image_0003.jpg	81
scissors/image_0004.jpg	81
scissors/image_0005.jpg	81
scissors/image_0006.jpg	81
scissors/image_0007.jpg	81
scissors/image_0008.jpg	81
scissors/image_0009.jpg	81
scissors/image_0010.jpg	81
scissors/image_0011.jpg	81
scissors/image_0012.jpg	81
scissors/image_0013.jpg	81
scissors/image_0014.jpg	81
scissors/image_0015.jpg	81
scissors/image_0016.jpg	81
scissors/image_0017.jpg	81
scissors/image_0018.jpg	81
scissors/image_0019.jpg	81
scissors/image_0020.jpg	81
scorpion/image_0001.jpg	82
scorpion/image_0002.jpg	82
scorpion/image_0003.jpg	82
scorpion/image_0004.jpg	82
scorpion/image_0005.jpg	82
scorpion/image_0006.jpg	82
scorpion/image_0007.jpg	82
scorpion/image_0008.jpg	82
scorpion/image_0009.jpg	82
scorpion/image_0010.jpg	82
scorpion/image_0011.jpg	82
scorpion/image_0012.jpg	82
scorpion/image_0013.jpg	82
scorpion/image_0014.jpg	82
scorpion/image_0015.jpg	82
scorpion/image_0016.jpg	82
scorpion/image_0017.jpg	82
scorpion/image_0018.jpg	82
scorpion/image_0019.jpg	82
scorpion/image_0020.jpg	82
sea_horse/image_0001.jpg	83
sea_horse/image_0002.jpg	83
sea_horse/image_0003.jpg	83
sea_horse/image_0004.jpg	83
sea_horse/image_0005.jpg	83
sea_horse/image_0006.jpg	83
sea_horse/image_0007.jpg	83
sea_horse/image_0008.jpg	83
sea_horse/image_0009.jpg	83
sea_horse/image_0010.jpg	83
sea_horse/image_0011.jpg	83
sea_horse/image_0012.jpg	83
sea_horse/image_0013.jpg	83
sea_horse/image_0014.jpg	83
sea_horse/image_0015.jpg	83
sea_horse/image_0016.jpg	83
sea_horse/image_0017.jpg	83
sea_horse/image_0018.jpg	83
sea_horse/image_0019.jpg	83
sea_horse/image_0020.jpg	83
snoopy/image_0001.jpg	84
snoopy/image_0002.jpg	84
snoopy/image_0003.jpg	84
snoopy/image_0004.jpg	84
snoopy/image_0005.jpg	84
snoopy/image_0006.jpg	84
snoopy/image_0007.jpg	84
snoopy/image_0008.jpg	84
snoopy/image_0009.jpg	84
snoopy/image_0010.jpg	84
snoopy/image_0011.jpg	84
snoopy/image_0012.jpg	84
snoopy/image_0013.jpg	84
snoopy/image_0014.jpg	84
snoopy/image_0015.jpg	84
snoopy/image_0016.jpg	84
snoopy/image_0017.jpg	84
snoopy/image_0018.jpg	84
snoopy/image_0019.jpg	84
snoopy/image_0020.jpg	84
soccer_ball/image_0001.jpg	85
soccer_ball/image_0002.jpg	85
soccer_ball/image_0003.jpg	85
soccer_ball/image_0004.jpg	85
soccer_ball/image_0005.jpg	85
soccer_ball/image_0006.jpg	85
soccer_ball/image_0007.jpg	85
soccer_ball/image_0008.jpg	85
soccer_ball/image_0009.jpg	85
soccer_ball/image_0010.jpg	85
soccer_ball/image_0011.jpg	85
soccer_ball/image_0012.jpg	85
soccer_ball/image_0013.jpg	85
soccer_ball/image_0014.jpg	85
soccer_ball/image_0015.jpg	85
soccer_ball/image_0016.jpg	85
soccer_ball/image_0017.jpg	85
soccer_ball/image_0018.jpg	85
soccer_ball/image_0019.jpg	85
soccer_ball/image_0020.jpg	85
stapler/image_0001.jpg	86
stapler/image_0002.jpg	86
stapler/image_0003.jpg	86
stapler/image_0004.jpg	86
stapler/image_0005.jpg	86
stapler/image_0006.jpg	86
stapler/image_0007.jpg	86
stapler/image_0008.jpg	86
stapler/image_0009.jpg	86
stapler/image_0010.jpg	86
stapler/image_0011.jpg	86
stapler/image_0012.jpg	86
stapler/image_0013.jpg	86
stapler/image_0014.jpg	86
stapler/image_0015.jpg	86
stapler/image_0016.jpg	86
stapler/image_0017.jpg	86
stapler/image_0018.jpg	86
stapler/image_0019.jpg	86
stapler/image_0020.jpg	86
starfish/image_0001.jpg	87
starfish/image_0002.jpg	87
starfish/image_0003.jpg	87
starfish/image_0004.jpg	87
starfish/image_0005.jpg	87
starfish/image_0006.jpg	87
starfish/image_0007.jpg	87
starfish/image_0008.jpg	87
starfish/image_0009.jpg	87
starfish/image_0010.jpg	87
starfish/image_0011.jpg	87
starfish/image_0012.jpg	87
starfish/image_0013.jpg	87
starfish/image_0014.jpg	87
starfish/image_0015.jpg	87
starfish/image_0016.jpg	87
starfish/image_0017.jpg	87
starfish/image_0018.jpg	87
starfish/image_0019.jpg	87
starfish/image_0020.jpg	87
stegosaurus/image_0001.jpg	88
stegosaurus/image_0002.jpg	88
stegosaurus/image_0003.jpg	88
stegosaurus/image_0004.jpg	88
stegosaurus/image_0005.jpg	88
stegosaurus/image_0006.jpg	88
stegosaurus/image_0007.jpg	88
stegosaurus/image_0008.jpg	88
stegosaurus/image_0009.jpg	88
stegosaurus/image_0010.jpg	88
stegosaurus/image_0011.jpg	88
stegosaurus/image_0012.jpg	88
stegosaurus/image_0013.jpg	88
stegosaurus/image_0014.jpg	88
stegosaurus/image_0015.jpg	88
stegosaurus/image_0016.jpg	88
stegosaurus/image_0017.jpg	88
stegosaurus/image_0018.jpg	88
stegosaurus/image_0019.jpg	88
stegosaurus/image_0020.jpg	88
stop_sign/image_0001.jpg	89
stop_sign/image_0002.jpg	89
stop_sign/image_0003.jpg	89
stop_sign/image_0004.jpg	89
stop_sign/image_0005.jpg	89
stop_sign/image_0006.jpg	89
stop_sign/image_0007.jpg	89
stop_sign/image_0008.jpg	89
stop_sign/image_0009.jpg	89
stop_sign/image_0010.jpg	89
stop_sign/image_0011.jpg	89
stop_sign/image_0012.jpg	89
stop_sign/image_0013.jpg	89
stop_sign/image_0014.jpg	89
stop_sign/image_0015.jpg	89
stop_sign/image_0016.jpg	89
stop_sign/image_0017.jpg	89
stop_sign/image_0018.jpg	89
stop_sign/image_0019.jpg	89
stop_sign/image_0020.jpg	89
strawberry/image_0001.jpg	90
strawberry/image_0002.jpg	90
strawberry/image_0003.jpg	90
strawberry/image_0004.jpg	90
strawberry/image_0005.jpg	90
strawberry/image_0006.jpg	90
strawberry/image_0007.jpg	90
strawberry/image_0008.jpg	90
strawberry/image_0009.jpg	90
strawberry/image_0010.jpg	90
strawberry/image_0011.jpg	90
strawberry/image_0012.jpg	90
strawberry/image_0013.jpg	90
strawberry/image_0014.jpg	90
strawberry/image_0015.jpg	90
strawberry/image_0016.jpg	90
strawberry/image_0017.jpg	90
strawberry/image_0018.jpg	90
strawberry/image_0019.jpg	90
strawberry/image_0020.jpg	90
sunflower/image_0001.jpg	91
sunflower/image_0002.jpg	91
sunflower/image_0003.jpg	91
sunflower/image_0004.jpg	91
sunflower/image_0005.jpg	91
sunflower/image_0006.jpg	91
sunflower/image_0007.jpg	91
sunflower/image_0008.jpg	91
sunflower/image_0009.jpg	91
sunflower/image_0010.jpg	91
sunflower/image_0011.jpg	91
sunflower/image_0012.jpg	91
sunflower/image_0013.jpg	91
sunflower/image_0014.jpg	91
sunflower/image_0015.jpg	91
sunflower/image_0016.jpg	91
sunflower/image_0017.jpg	91
sunflower/image_0018.jpg	91
sunflower/image_0019.jpg	91
sunflower/image_0020.jpg	91
tick/image_0001.jpg	92
tick/image_0002.jpg	92
tick/image_0003.jpg	92
tick/image_0004.jpg	92
tick/image_0005.jpg	92
tick/image_0006.jpg	92
tick/image_0007.jpg	92
tick/image_0008.jpg	92
tick/image_0009.jpg	92
tick/image_0010.jpg	92
tick/image_0011.jpg	92
tick/image_0012.jpg	92
tick/image_0013.jpg	92
tick/image_0014.jpg	92
tick/image_0015.jpg	92
tick/image_0016.jpg	92
tick/image_0017.jpg	92
tick/image_0018.jpg	92
tick/image_0019.jpg	92
tick/image_0020.jpg	92
trilobite/image_0001.jpg	93
trilobite/image_0002.jpg	93
trilobite/image_0003.jpg	93
trilobite/image_0004.jpg	93
trilobite/image_0005.jpg	93
trilobite/image_0006.jpg	93
trilobite/image_0007.jpg	93
trilobite/image_0008.jpg	93
trilobite/image_0009.jpg	93
trilobite/image_0010.jpg	93
trilobite/image_0011.jpg	93
trilobite/image_0012.jpg	93
trilobite/image_0013.jpg	93
trilobite/image_0014.jpg	93
trilobite/image_0015.jpg	93
trilobite/image_0016.jpg	93
trilobite/image_0017.jpg	93
trilobite/image_0018.jpg	93
trilobite/image_0019.jpg	93
trilobite/image_0020.jpg	93
umbrella/image_0001.jpg	94
umbrella/image_0002.jpg	94
umbrella/image_0003.jpg	94
umbrella/image_0004.jpg	94
umbrella/image_0005.jpg	94
umbrella/image_0006.jpg	94
umbrella/image_0007.jpg	94
umbrella/image_0008.jpg	94
umbrella/image_0009.jpg	94
umbrella/image_0010.jpg	94
umbrella/image_0011.jpg	94
umbrella/image_0012.jpg	94
umbrella/image_0013.jpg	94
umbrella/image_0014.jpg	94
umbrella/image_0015.jpg	94
umbrella/image_0016.jpg	94
umbrella/image_0017.jpg	94
umbrella/image_0018.jpg	94
umbrella/image_0019.jpg	94
umbrella/image_0020.jpg	94
watch/image_0001.jpg	95
watch/image_0002.jpg	95
watch/image_0003.jpg	95
watch/image_0004.jpg	95
watch/image_0005.jpg	95
watch/image_0006.jpg	95
watch/image_0007.jpg	95
watch/image_0008.jpg	95
watch/image_0009.jpg	95
watch/image_0010.jpg	95
watch/image_0011.jpg	95
watch/image_0012.jpg	95
watch/image_0013.jpg	95
watch/image_0014.jpg	95
watch/image_0015.jpg	95
watch/image_0016.jpg	95
watch/image_0017.jpg	95
watch/image_0018.jpg	95
watch/image_0019.jpg	95
watch/image_0020.jpg	95
water_lilly/image_0001.jpg	96
water_lilly/image_0002.jpg	96
water_lilly/image_0003.jpg	96
water_lilly/image_0004.jpg	96
water_lilly/image_0005.jpg	96
water_lilly/image_0006.jpg	96
water_lilly/image_0007.jpg	96
water_lilly/image_0008.jpg	96
water_lilly/image_0009.jpg	96
water_lilly/image_0010.jpg	96
water_lilly/image_0011.jpg	96
water_lilly/image_0012.jpg	96
water_lilly/image_0013.jpg	96
water_lilly/image_0014.jpg	96
water_lilly/image_0015.jpg	96
water_lilly/image_0016.jpg	96
water_lilly/image_0017.jpg	96
water_lilly/image_0018.jpg	96
water_lilly/image_0019.jpg	96
water_lilly/image_0020.jpg	96
wheelchair/image_0001.jpg	97
wheelchair/image_0002.jpg	97
wheelchair/image_0003.jpg	97
wheelchair/image_0004.jpg	97
wheelchair/image_0005.jpg	97
wheelchair/image_0006.jpg	97
wheelchair/image_0007.jpg	97
wheelchair/image_0008.jpg	97
wheelchair/image_0009.jpg	97
wheelchair/image_0010.jpg	97
wheelchair/image_0011.jpg	97
wheelchair/image_0012.jpg	97
wheelchair/image_0013.jpg	97
wheelchair/image_0014.jpg	97
wheelchair/image_0015.jpg	97
wheelchair/image_0016.jpg	97
wheelchair/image_0017.jpg	97
wheelchair/image_0018.jpg	97
wheelchair/image_0019.jpg	97
wheelchair/image_0020.jpg	97
wild_cat/image_0001.jpg	98
wild_cat/image_0002.jpg	98
wild_cat/image_0003.jpg	98
wild_cat/image_0004.jpg	98
wild_cat/image_0005.jpg	98
wild_cat/image_0006.jpg	98
wild_cat/image_0007.jpg	98
wild_cat/image_0008.jpg	98
wild_cat/image_0009.jpg	98
wild_cat/image_0010.jpg	98
wild_cat/image_0011.jpg	98
wild_cat/image_0012.jpg	98
wild_cat/image_0013.jpg	98
wild_cat/image_0014.jpg	98
wild_cat/image_0015.jpg	98
wild_cat/image_0016.jpg	98
wild_cat/image_0017.jpg	98
wild_cat/image_0018.jpg	98
wild_cat/image_0019.jpg	98
wild_cat/image_0020.jpg	98
windsor_chair/image_0001.jpg	99
windsor_chair/image_0002.jpg	99
windsor_chair/image_0003.jpg	99
windsor_chair/image_0004.jpg	99
windsor_chair/image_0005.jpg	99
windsor_chair/image_0006.jpg	99
windsor_chair/image_0007.jpg	99
windsor_chair/image_0008.jpg	99
windsor_chair/image_0009.jpg	99
windsor_chair/image_0010.jpg	99
windsor_chair/image_0011.jpg	99
windsor_chair/image_0012.jpg	99
windsor_chair/image_0013.jpg	99
windsor_chair/image_0014.jpg	99
windsor_chair/image_0015.jpg	99
windsor_chair/image_0016.jpg	99
windsor_chair/image_0017.jpg	99
windsor_chair/image_0018.jpg	99
windsor_chair/image_0019.jpg	99
windsor_chair/image_0020.jpg	99
wrench/image_0001.jpg	100
wrench/image_0002.jpg	100
wrench/image_0003.jpg	100
wrench/image_0004.jpg	100
wrench/image_0005.jpg	100
wrench/image_0006.jpg	100
wrench/image_0007.jpg	100
wrench/image_0008.jpg	100
wrench/image_0009.jpg	100
wrench/image_0010.jpg	100
wrench/image_0011.jpg	100
wrench/image_0012.jpg	100
wrench/image_0013.jpg	100
wrench/image_0014.jpg	100
wrench/image_0015.jpg	100
wrench/image_0016.jpg	100
wrench/image_0017.jpg	100
wrench/image_0018.jpg	100
wrench/image_0019.jpg	100
wrench/image_0020.jpg	100
yin_yang/image_0001.jpg	101
yin_yang/image_0002.jpg	101
yin_yang/image_0003.jpg	101
yin_yang/image_0004.jpg	101
yin_yang/image_0005.jpg	101
yin_yang/image_0006.jpg	101
yin_yang/image_0007.jpg	101
yin_yang/image_0008.jpg	101
yin_yang/image_0009.jpg	101
yin_yang/image_0010.jpg	101
yin_yang/image_0011.jpg	101
yin_yang/image_0012.jpg	101
yin_yang/image_0013.jpg	101
yin_yang/image_0014.jpg	101
yin_yang/image_0015.jpg	101
yin_yang/image_0016.jpg	101
yin_yang/image_0017.jpg	101
yin_yang/image_0018.jpg	101
yin_yang/image_0019.jpg	101
yin_yang/image_0020.jpg	101
